"Date","Observers","Previous Veg.","Site ID","Transect ID","Distance","Species Code","Notes","CodeCount","Plants","Treatment"
2018-10-04,"KP, KS, PT","No Turf","1.0","No Turf_1",1,"M",NA,1,"no","NonNative"
2018-10-04,"KP, KS, PT","No Turf","1.0","No Turf_1",2,"M",NA,1,"no","NonNative"
2018-10-04,"KP, KS, PT","No Turf","1.0","No Turf_1",3,"M",NA,1,"no","NonNative"
2018-10-04,"KP, KS, PT","No Turf","1.0","No Turf_1",4,"M",NA,1,"no","NonNative"
2018-10-04,"KP, KS, PT","No Turf","1.0","No Turf_1",5,"M",NA,1,"no","NonNative"
2018-10-04,"KP, KS, PT","No Turf","1.0","No Turf_1",6,"M",NA,1,"no","NonNative"
2018-10-04,"KP, KS, PT","No Turf","1.0","No Turf_1",7,"M",NA,1,"no","NonNative"
2018-10-04,"KP, KS, PT","No Turf","1.0","No Turf_1",8,"M",NA,1,"no","NonNative"
2018-10-04,"KP, KS, PT","No Turf","1.0","No Turf_1",9,"M",NA,1,"no","NonNative"
2018-10-04,"KP, KS, PT","No Turf","1.0","No Turf_1",10,"M",NA,1,"no","NonNative"
2018-10-04,"KP, KS, PT","No Turf","1.0","No Turf_1",11,"M",NA,1,"no","Native"
2018-10-04,"KP, KS, PT","No Turf","1.0","No Turf_1",12,"M",NA,1,"no","Native"
2018-10-04,"KP, KS, PT","No Turf","1.0","No Turf_1",13,"M",NA,1,"no","Native"
2018-10-04,"KP, KS, PT","No Turf","1.0","No Turf_1",14,"M",NA,1,"no","Native"
2018-10-04,"KP, KS, PT","No Turf","1.0","No Turf_1",15,"M",NA,1,"no","Native"
2018-10-04,"KP, KS, PT","No Turf","1.0","No Turf_1",16,"M",NA,1,"no","Native"
2018-10-04,"KP, KS, PT","No Turf","1.0","No Turf_1",17,"EUPSPP","euphorbia species",6,"yes","Native"
2018-10-04,"KP, KS, PT","No Turf","1.0","No Turf_1",17,"M",NA,1,"no","Native"
2018-10-04,"KP, KS, PT","No Turf","1.0","No Turf_1",18,"M",NA,1,"no","Native"
2018-10-04,"KP, KS, PT","No Turf","1.0","No Turf_1",19,"M",NA,1,"no","Native"
2018-10-04,"KP, KS, PT","No Turf","1.0","No Turf_1",20,"M",NA,1,"no","Native"
2018-10-04,"KP, KS, PT","No Turf","1.0","No Turf_1",23,"M",NA,1,"no","Native"
2018-10-04,"KP, KS, PT","No Turf","1.0","No Turf_1",24,"M",NA,1,"no","Native"
2018-10-04,"KP, KS, PT","No Turf","1.0","No Turf_1",25,"M",NA,1,"no","Native"
2018-10-04,"KP, KS, PT","No Turf","1.0","No Turf_1",26,"M",NA,1,"no","Native"
2018-10-04,"KP, KS, PT","No Turf","1.0","No Turf_1",27,"M",NA,1,"no","Native"
2018-10-04,"KP, KS, PT","No Turf","1.0","No Turf_1",28,"M",NA,1,"no","Native"
2018-10-04,"KP, KS, PT","No Turf","1.0","No Turf_1",29,"M",NA,1,"no","Native"
2018-10-04,"KP, KS, PT","No Turf","1.0","No Turf_1",30,"M",NA,1,"no","Native"
2018-10-04,"KP, KS, PT","No Turf","1.0","No Turf_1",31,"M",NA,1,"no","Native"
2018-10-04,"KP, KS, PT","No Turf","1.0","No Turf_1",32,"M",NA,1,"no","Native"
2018-10-04,"KP, KS, PT","No Turf","1.0","No Turf_1",33,"M",NA,1,"no","Native"
2018-10-04,"KP, KS, PT","No Turf","1.0","No Turf_1",34,"M",NA,1,"no","Native"
2018-10-04,"KP, KS, PT","No Turf","1.0","No Turf_1",35,"M",NA,1,"no","Native"
2018-10-04,"KP, KS, PT","No Turf","1.0","No Turf_1",36,"M",NA,1,"no","Native"
2018-10-04,"KP, KS, PT","No Turf","1.0","No Turf_1",37,"M",NA,1,"no","Native"
2018-10-04,"KP, KS, PT","No Turf","1.0","No Turf_1",39,"M",NA,1,"no","NonNative"
2018-10-04,"KP, KS, PT","No Turf","1.0","No Turf_1",40,"M",NA,1,"no","NonNative"
2018-10-04,"KP, KS, PT","No Turf","1.0","No Turf_1",41,"M",NA,1,"no","NonNative"
2018-10-04,"KP, KS, PT","No Turf","1.0","No Turf_1",42,"M",NA,1,"no","NonNative"
2018-10-04,"LC, AG, PT","Turf","1.0","Turf_1",1,"M",NA,1,"no","Native"
2018-10-04,"LC, AG, PT","Turf","1.0","Turf_1",2,"M",NA,1,"no","Native"
2018-10-04,"LC, AG, PT","Turf","1.0","Turf_1",3,"M",NA,1,"no","Native"
2018-10-04,"LC, AG, PT","Turf","1.0","Turf_1",4,"M",NA,1,"no","Native"
2018-10-04,"LC, AG, PT","Turf","1.0","Turf_1",5,"PERATR",NA,6,"yes","Native"
2018-10-04,"LC, AG, PT","Turf","1.0","Turf_1",5,"M",NA,1,"no","Native"
2018-10-04,"LC, AG, PT","Turf","1.0","Turf_1",6,"M",NA,1,"no","Native"
2018-10-04,"LC, AG, PT","Turf","1.0","Turf_1",7,"M",NA,1,"no","Native"
2018-10-04,"LC, AG, PT","Turf","1.0","Turf_1",8,"M",NA,1,"no","Native"
2018-10-04,"LC, AG, PT","Turf","1.0","Turf_1",9,"M",NA,1,"no","Native"
2018-10-04,"LC, AG, PT","Turf","1.0","Turf_1",10,"M",NA,1,"no","Native"
2018-10-04,"LC, AG, PT","Turf","1.0","Turf_1",11,"M",NA,1,"no","Native"
2018-10-04,"LC, AG, PT","Turf","1.0","Turf_1",12,"M",NA,1,"no","Native"
2018-10-04,"LC, AG, PT","Turf","1.0","Turf_1",13,"M",NA,1,"no","Native"
2018-10-04,"LC, AG, PT","Turf","1.0","Turf_1",14,"M",NA,1,"no","Native"
2018-10-04,"LC, AG, PT","Turf","1.0","Turf_1",15,"M",NA,1,"no","Native"
2018-10-04,"LC, AG, PT","Turf","1.0","Turf_1",16,"M",NA,1,"no","Native"
2018-10-04,"LC, AG, PT","Turf","1.0","Turf_1",17,"M",NA,1,"no","Native"
2018-10-04,"LC, AG, PT","Turf","1.0","Turf_1",18,"M",NA,1,"no","Native"
2018-10-04,"LC, AG, PT","Turf","1.0","Turf_1",19,"M",NA,1,"no","Native"
2018-10-04,"LC, AG, PT","Turf","1.0","Turf_1",20,"M",NA,1,"no","Native"
2018-10-04,"LC, AG, PT","Turf","1.0","Turf_1",22,"M",NA,1,"no","NonNative"
2018-10-04,"LC, AG, PT","Turf","1.0","Turf_1",23,"M",NA,1,"no","NonNative"
2018-10-04,"LC, AG, PT","Turf","1.0","Turf_1",24,"M",NA,1,"no","NonNative"
2018-10-04,"LC, AG, PT","Turf","1.0","Turf_1",25,"ENCCAL",NA,6,"yes","NonNative"
2018-10-04,"LC, AG, PT","Turf","1.0","Turf_1",25,"M",NA,1,"no","NonNative"
2018-10-04,"LC, AG, PT","Turf","1.0","Turf_1",26,"M",NA,1,"no","NonNative"
2018-10-04,"LC, AG, PT","Turf","1.0","Turf_1",27,"M",NA,1,"no","NonNative"
2018-10-04,"LC, AG, PT","Turf","1.0","Turf_1",28,"M",NA,1,"no","NonNative"
2018-10-04,"LC, AG, PT","Turf","1.0","Turf_1",29,"M",NA,1,"no","NonNative"
2018-10-04,"LC, AG, PT","Turf","1.0","Turf_1",30,"M",NA,1,"no","NonNative"
2018-10-04,"LC, AG, PT","Turf","1.0","Turf_1",31,"CYNDAC",NA,6,"yes","NonNative"
2018-10-04,"LC, AG, PT","Turf","1.0","Turf_1",31,"M",NA,1,"no","NonNative"
2018-10-04,"LC, AG, PT","Turf","1.0","Turf_1",32,"M",NA,1,"no","NonNative"
2018-10-04,"LC, AG, PT","Turf","1.0","Turf_1",33,"M",NA,1,"no","NonNative"
2018-10-04,"LC, AG, PT","Turf","1.0","Turf_1",34,"M",NA,1,"no","NonNative"
2018-10-04,"LC, AG, PT","Turf","1.0","Turf_1",35,"M",NA,1,"no","NonNative"
2018-10-04,"LC, AG, PT","Turf","1.0","Turf_1",36,"M",NA,1,"no","NonNative"
2018-10-04,"LC, AG, PT","Turf","1.0","Turf_1",37,"M",NA,1,"no","NonNative"
2018-10-04,"LC, AG, PT","Turf","1.0","Turf_1",38,"M",NA,1,"no","NonNative"
2018-10-04,"LC, AG, PT","Turf","1.0","Turf_1",39,"M",NA,1,"no","NonNative"
2018-10-04,"LC, AG, PT","Turf","1.0","Turf_1",40,"M",NA,1,"no","NonNative"
2018-10-04,"LC, AG, PT","Turf","1.0","Turf_1",41,"M",NA,1,"no","NonNative"
2018-10-04,"LC, AG, PT","Turf","1.0","Turf_1",42,"CISPUR",NA,6,"yes","NonNative"
2018-10-04,"LC, AG, PT","Turf","1.0","Turf_1",42,"M",NA,1,"no","NonNative"
2018-10-04,"LC, AG, PT","Turf","1.0","Turf_1",43,"M",NA,1,"no","NonNative"
2018-10-04,"LC, AG, PT","Turf","1.0","Turf_1",44,"M",NA,1,"no","NonNative"
2018-10-04,"KP, KS, PT","No Turf","2.0","No Turf_2",1,"M",NA,1,"no","NonNative"
2018-10-04,"KP, KS, PT","No Turf","2.0","No Turf_2",2,"M",NA,1,"no","NonNative"
2018-10-04,"KP, KS, PT","No Turf","2.0","No Turf_2",3,"M",NA,1,"no","NonNative"
2018-10-04,"KP, KS, PT","No Turf","2.0","No Turf_2",4,"M",NA,1,"no","NonNative"
2018-10-04,"KP, KS, PT","No Turf","2.0","No Turf_2",5,"M",NA,1,"no","NonNative"
2018-10-04,"KP, KS, PT","No Turf","2.0","No Turf_2",6,"M",NA,1,"no","NonNative"
2018-10-04,"KP, KS, PT","No Turf","2.0","No Turf_2",7,"M",NA,1,"no","NonNative"
2018-10-04,"KP, KS, PT","No Turf","2.0","No Turf_2",8,"M",NA,1,"no","NonNative"
2018-10-04,"KP, KS, PT","No Turf","2.0","No Turf_2",9,"M",NA,1,"no","NonNative"
2018-10-04,"KP, KS, PT","No Turf","2.0","No Turf_2",10,"M",NA,1,"no","NonNative"
2018-10-04,"KP, KS, PT","No Turf","2.0","No Turf_2",11,"B",NA,1,"no","Native"
2018-10-04,"KP, KS, PT","No Turf","2.0","No Turf_2",12,"M",NA,1,"no","Native"
2018-10-04,"KP, KS, PT","No Turf","2.0","No Turf_2",13,"M",NA,1,"no","Native"
2018-10-04,"KP, KS, PT","No Turf","2.0","No Turf_2",14,"M",NA,1,"no","Native"
2018-10-04,"KP, KS, PT","No Turf","2.0","No Turf_2",15,"M",NA,1,"no","Native"
2018-10-04,"KP, KS, PT","No Turf","2.0","No Turf_2",16,"M",NA,1,"no","Native"
2018-10-04,"KP, KS, PT","No Turf","2.0","No Turf_2",17,"M",NA,1,"no","Native"
2018-10-04,"KP, KS, PT","No Turf","2.0","No Turf_2",18,"M",NA,1,"no","Native"
2018-10-04,"KP, KS, PT","No Turf","2.0","No Turf_2",19,"M",NA,1,"no","Native"
2018-10-04,"KP, KS, PT","No Turf","2.0","No Turf_2",20,"M",NA,1,"no","Native"
2018-10-04,"KP, KS, PT","No Turf","2.0","No Turf_2",23,"M",NA,1,"no","Native"
2018-10-04,"KP, KS, PT","No Turf","2.0","No Turf_2",24,"M",NA,1,"no","Native"
2018-10-04,"KP, KS, PT","No Turf","2.0","No Turf_2",25,"M",NA,1,"no","Native"
2018-10-04,"KP, KS, PT","No Turf","2.0","No Turf_2",26,"M",NA,1,"no","Native"
2018-10-04,"KP, KS, PT","No Turf","2.0","No Turf_2",27,"M",NA,1,"no","Native"
2018-10-04,"KP, KS, PT","No Turf","2.0","No Turf_2",28,"M",NA,1,"no","Native"
2018-10-04,"KP, KS, PT","No Turf","2.0","No Turf_2",29,"M",NA,1,"no","Native"
2018-10-04,"KP, KS, PT","No Turf","2.0","No Turf_2",30,"M",NA,1,"no","Native"
2018-10-04,"KP, KS, PT","No Turf","2.0","No Turf_2",31,"M",NA,1,"no","Native"
2018-10-04,"KP, KS, PT","No Turf","2.0","No Turf_2",32,"M",NA,1,"no","Native"
2018-10-04,"KP, KS, PT","No Turf","2.0","No Turf_2",33,"M",NA,1,"no","Native"
2018-10-04,"KP, KS, PT","No Turf","2.0","No Turf_2",34,"M",NA,1,"no","Native"
2018-10-04,"KP, KS, PT","No Turf","2.0","No Turf_2",35,"M",NA,1,"no","Native"
2018-10-04,"KP, KS, PT","No Turf","2.0","No Turf_2",36,"M",NA,1,"no","Native"
2018-10-04,"KP, KS, PT","No Turf","2.0","No Turf_2",37,"M",NA,1,"no","Native"
2018-10-04,"KP, KS, PT","No Turf","2.0","No Turf_2",39,"M",NA,1,"no","NonNative"
2018-10-04,"KP, KS, PT","No Turf","2.0","No Turf_2",40,"M",NA,1,"no","NonNative"
2018-10-04,"KP, KS, PT","No Turf","2.0","No Turf_2",41,"M",NA,1,"no","NonNative"
2018-10-04,"KP, KS, PT","No Turf","2.0","No Turf_2",42,"M",NA,1,"no","NonNative"
2018-10-04,"KP, KS, PT","No Turf","2.0","No Turf_2",43,"ELAPUN",NA,6,"yes","NonNative"
2018-10-04,"KP, KS, PT","No Turf","2.0","No Turf_2",43,"B",NA,1,"no","NonNative"
2018-10-04,"AG, PT","Turf","2.0","Turf_2",1,"M",NA,1,"no","Native"
2018-10-04,"AG, PT","Turf","2.0","Turf_2",2,"M",NA,1,"no","Native"
2018-10-04,"AG, PT","Turf","2.0","Turf_2",3,"ELAPUN",NA,6,"yes","Native"
2018-10-04,"AG, PT","Turf","2.0","Turf_2",3,"M",NA,1,"no","Native"
2018-10-04,"AG, PT","Turf","2.0","Turf_2",4,"M",NA,1,"no","Native"
2018-10-04,"AG, PT","Turf","2.0","Turf_2",5,"M",NA,1,"no","Native"
2018-10-04,"AG, PT","Turf","2.0","Turf_2",6,"ELAPUN",NA,6,"yes","Native"
2018-10-04,"AG, PT","Turf","2.0","Turf_2",7,"M",NA,1,"no","Native"
2018-10-04,"AG, PT","Turf","2.0","Turf_2",8,"ELAPUN",NA,6,"yes","Native"
2018-10-04,"AG, PT","Turf","2.0","Turf_2",8,"M",NA,1,"no","Native"
2018-10-04,"AG, PT","Turf","2.0","Turf_2",9,"M",NA,1,"no","Native"
2018-10-04,"AG, PT","Turf","2.0","Turf_2",10,"ELAPUN",NA,6,"yes","Native"
2018-10-04,"AG, PT","Turf","2.0","Turf_2",10,"M",NA,1,"no","Native"
2018-10-04,"AG, PT","Turf","2.0","Turf_2",11,"M",NA,1,"no","Native"
2018-10-04,"AG, PT","Turf","2.0","Turf_2",12,"M",NA,1,"no","Native"
2018-10-04,"AG, PT","Turf","2.0","Turf_2",13,"M",NA,1,"no","Native"
2018-10-04,"AG, PT","Turf","2.0","Turf_2",14,"ELAPUN",NA,6,"yes","Native"
2018-10-04,"AG, PT","Turf","2.0","Turf_2",14,"M",NA,1,"no","Native"
2018-10-04,"AG, PT","Turf","2.0","Turf_2",15,"M",NA,1,"no","Native"
2018-10-04,"AG, PT","Turf","2.0","Turf_2",16,"ELAPUN",NA,6,"yes","Native"
2018-10-04,"AG, PT","Turf","2.0","Turf_2",16,"M",NA,1,"no","Native"
2018-10-04,"AG, PT","Turf","2.0","Turf_2",17,"M",NA,1,"no","Native"
2018-10-04,"AG, PT","Turf","2.0","Turf_2",18,"M",NA,1,"no","Native"
2018-10-04,"AG, PT","Turf","2.0","Turf_2",19,"ELAPUN",NA,6,"yes","Native"
2018-10-04,"AG, PT","Turf","2.0","Turf_2",19,"M",NA,1,"no","Native"
2018-10-04,"AG, PT","Turf","2.0","Turf_2",20,"ELAPUN",NA,6,"yes","Native"
2018-10-04,"AG, PT","Turf","2.0","Turf_2",20,"M",NA,1,"no","Native"
2018-10-04,"AG, PT","Turf","2.0","Turf_2",23,"M",NA,1,"no","NonNative"
2018-10-04,"AG, PT","Turf","2.0","Turf_2",24,"M",NA,1,"no","NonNative"
2018-10-04,"AG, PT","Turf","2.0","Turf_2",25,"M",NA,1,"no","NonNative"
2018-10-04,"AG, PT","Turf","2.0","Turf_2",26,"M",NA,1,"no","NonNative"
2018-10-04,"AG, PT","Turf","2.0","Turf_2",27,"M",NA,1,"no","NonNative"
2018-10-04,"AG, PT","Turf","2.0","Turf_2",28,"M",NA,1,"no","NonNative"
2018-10-04,"AG, PT","Turf","2.0","Turf_2",29,"M",NA,1,"no","NonNative"
2018-10-04,"AG, PT","Turf","2.0","Turf_2",30,"M",NA,1,"no","NonNative"
2018-10-04,"AG, PT","Turf","2.0","Turf_2",31,"M",NA,1,"no","NonNative"
2018-10-04,"AG, PT","Turf","2.0","Turf_2",32,"M",NA,1,"no","NonNative"
2018-10-04,"AG, PT","Turf","2.0","Turf_2",33,"M",NA,1,"no","NonNative"
2018-10-04,"AG, PT","Turf","2.0","Turf_2",34,"M",NA,1,"no","NonNative"
2018-10-04,"AG, PT","Turf","2.0","Turf_2",35,"M",NA,1,"no","NonNative"
2018-10-04,"AG, PT","Turf","2.0","Turf_2",36,"M",NA,1,"no","NonNative"
2018-10-04,"AG, PT","Turf","2.0","Turf_2",37,"M",NA,1,"no","NonNative"
2018-10-04,"AG, PT","Turf","2.0","Turf_2",38,"M",NA,1,"no","NonNative"
2018-10-04,"AG, PT","Turf","2.0","Turf_2",39,"M",NA,1,"no","NonNative"
2018-10-04,"AG, PT","Turf","2.0","Turf_2",40,"M",NA,1,"no","NonNative"
2018-10-04,"AG, PT","Turf","2.0","Turf_2",41,"PENSPA",NA,6,"yes","NonNative"
2018-10-04,"AG, PT","Turf","2.0","Turf_2",41,"M",NA,1,"no","NonNative"
2018-10-04,"AG, PT","Turf","2.0","Turf_2",42,"PENSPA",NA,6,"yes","NonNative"
2018-10-04,"AG, PT","Turf","2.0","Turf_2",42,"M",NA,1,"no","NonNative"
2018-10-04,"AG, PT","Turf","2.0","Turf_2",43,"M",NA,1,"no","NonNative"
2018-10-04,"AG, PT","Turf","2.0","Turf_2",44,"PENSPA",NA,6,"yes","NonNative"
2018-10-04,"AG, PT","Turf","2.0","Turf_2",44,"M",NA,1,"no","NonNative"
2018-06-13,"KS, PT","Turf","1","Turf_1",1,"MEDLUP",NA,6,"yes","Native"
2018-06-13,"KS, PT","Turf","1","Turf_1",1,"UK(02)",NA,6,"yes","Native"
2018-06-13,"KS, PT","Turf","1","Turf_1",1,"B",NA,1,"no","Native"
2018-06-13,"KS, PT","Turf","1","Turf_1",2,"MEDLUP",NA,6,"yes","Native"
2018-06-13,"KS, PT","Turf","1","Turf_1",2,"CYNDAC",NA,6,"yes","Native"
2018-06-13,"KS, PT","Turf","1","Turf_1",2,"S",NA,1,"no","Native"
2018-06-13,"KS, PT","Turf","1","Turf_1",3,"CYNDAC",NA,6,"yes","Native"
2018-06-13,"KS, PT","Turf","1","Turf_1",3,"S",NA,1,"no","Native"
2018-06-13,"KS, PT","Turf","1","Turf_1",4,"CYNDAC",NA,6,"yes","Native"
2018-06-13,"KS, PT","Turf","1","Turf_1",4,"S",NA,1,"no","Native"
2018-06-13,"KS, PT","Turf","1","Turf_1",5,"CYNDAC",NA,6,"yes","Native"
2018-06-13,"KS, PT","Turf","1","Turf_1",5,"OXACOR",NA,6,"yes","Native"
2018-06-13,"KS, PT","Turf","1","Turf_1",5,"S",NA,1,"no","Native"
2018-06-13,"KS, PT","Turf","1","Turf_1",6,"CYNDAC",NA,6,"yes","Native"
2018-06-13,"KS, PT","Turf","1","Turf_1",6,"OXACOR",NA,6,"yes","Native"
2018-06-13,"KS, PT","Turf","1","Turf_1",6,"S",NA,1,"no","Native"
2018-06-13,"KS, PT","Turf","1","Turf_1",6,"CYNDAC",NA,6,"yes","Native"
2018-06-13,"KS, PT","Turf","1","Turf_1",6,"S",NA,1,"no","Native"
2018-06-13,"KS, PT","Turf","1","Turf_1",7,"CYNDAC",NA,6,"yes","Native"
2018-06-13,"KS, PT","Turf","1","Turf_1",7,"S",NA,1,"no","Native"
2018-06-13,"KS, PT","Turf","1","Turf_1",8,"CYNDAC",NA,6,"yes","Native"
2018-06-13,"KS, PT","Turf","1","Turf_1",8,"S",NA,1,"no","Native"
2018-06-13,"KS, PT","Turf","1","Turf_1",9,"CYNDAC",NA,6,"yes","Native"
2018-06-13,"KS, PT","Turf","1","Turf_1",9,"S",NA,1,"no","Native"
2018-06-13,"KS, PT","Turf","1","Turf_1",10,"CYNDAC",NA,6,"yes","Native"
2018-06-13,"KS, PT","Turf","1","Turf_1",10,"S",NA,1,"no","Native"
2018-06-13,"KS, PT","Turf","1","Turf_1",11,"CYNDAC",NA,6,"yes","Native"
2018-06-13,"KS, PT","Turf","1","Turf_1",11,"S",NA,1,"no","Native"
2018-06-13,"KS, PT","Turf","1","Turf_1",12,"CYNDAC",NA,6,"yes","Native"
2018-06-13,"KS, PT","Turf","1","Turf_1",12,"S",NA,1,"no","Native"
2018-06-13,"KS, PT","Turf","1","Turf_1",13,"CYNDAC",NA,6,"yes","Native"
2018-06-13,"KS, PT","Turf","1","Turf_1",13,"S",NA,1,"no","Native"
2018-06-13,"KS, PT","Turf","1","Turf_1",14,"CYNDAC",NA,6,"yes","Native"
2018-06-13,"KS, PT","Turf","1","Turf_1",14,"S",NA,1,"no","Native"
2018-06-13,"KS, PT","Turf","1","Turf_1",15,"CYNDAC",NA,6,"yes","Native"
2018-06-13,"KS, PT","Turf","1","Turf_1",15,"S",NA,1,"no","Native"
2018-06-13,"KS, PT","Turf","1","Turf_1",16,"CYNDAC",NA,6,"yes","Native"
2018-06-13,"KS, PT","Turf","1","Turf_1",16,"S",NA,1,"no","Native"
2018-06-13,"KS, PT","Turf","1","Turf_1",17,"CYNDAC",NA,6,"yes","Native"
2018-06-13,"KS, PT","Turf","1","Turf_1",17,"S",NA,1,"no","Native"
2018-06-13,"KS, PT","Turf","1","Turf_1",18,"CYNDAC",NA,6,"yes","Native"
2018-06-13,"KS, PT","Turf","1","Turf_1",18,"S",NA,1,"no","Native"
2018-06-13,"KS, PT","Turf","1","Turf_1",19,"CYNDAC",NA,6,"yes","Native"
2018-06-13,"KS, PT","Turf","1","Turf_1",19,"S",NA,1,"no","Native"
2018-06-13,"KS, PT","Turf","1","Turf_1",20,"CYNDAC",NA,6,"yes","Native"
2018-06-13,"KS, PT","Turf","1","Turf_1",20,"S",NA,1,"no","Native"
2018-06-13,"KS, PT","Turf","1","Turf_1",23,"CYNDAC",NA,6,"yes","NonNative"
2018-06-13,"KS, PT","Turf","1","Turf_1",23,"S",NA,1,"no","NonNative"
2018-06-13,"KS, PT","Turf","1","Turf_1",24,"CYNDAC",NA,6,"yes","NonNative"
2018-06-13,"KS, PT","Turf","1","Turf_1",24,"OXACOR",NA,6,"yes","NonNative"
2018-06-13,"KS, PT","Turf","1","Turf_1",24,"S",NA,1,"no","NonNative"
2018-06-13,"KS, PT","Turf","1","Turf_1",25,"CYNDAC",NA,6,"yes","NonNative"
2018-06-13,"KS, PT","Turf","1","Turf_1",25,"MEDLUP",NA,6,"yes","NonNative"
2018-06-13,"KS, PT","Turf","1","Turf_1",25,"OXACOR",NA,6,"yes","NonNative"
2018-06-13,"KS, PT","Turf","1","Turf_1",25,"S",NA,1,"no","NonNative"
2018-06-13,"KS, PT","Turf","1","Turf_1",26,"CYNDAC",NA,6,"yes","NonNative"
2018-06-13,"KS, PT","Turf","1","Turf_1",26,"S",NA,1,"no","NonNative"
2018-06-13,"KS, PT","Turf","1","Turf_1",27,"CYNDAC",NA,6,"yes","NonNative"
2018-06-13,"KS, PT","Turf","1","Turf_1",27,"S",NA,1,"no","NonNative"
2018-06-13,"KS, PT","Turf","1","Turf_1",28,"CYNDAC",NA,6,"yes","NonNative"
2018-06-13,"KS, PT","Turf","1","Turf_1",28,"S",NA,1,"no","NonNative"
2018-06-13,"KS, PT","Turf","1","Turf_1",29,"CYNDAC",NA,6,"yes","NonNative"
2018-06-13,"KS, PT","Turf","1","Turf_1",29,"OXACOR",NA,6,"yes","NonNative"
2018-06-13,"KS, PT","Turf","1","Turf_1",29,"S",NA,1,"no","NonNative"
2018-06-13,"KS, PT","Turf","1","Turf_1",30,"CYNDAC",NA,6,"yes","NonNative"
2018-06-13,"KS, PT","Turf","1","Turf_1",30,"OXACOR",NA,6,"yes","NonNative"
2018-06-13,"KS, PT","Turf","1","Turf_1",30,"S",NA,1,"no","NonNative"
2018-06-13,"KS, PT","Turf","1","Turf_1",31,"CYNDAC",NA,6,"yes","NonNative"
2018-06-13,"KS, PT","Turf","1","Turf_1",31,"S",NA,1,"no","NonNative"
2018-06-13,"KS, PT","Turf","1","Turf_1",32,"CYNDAC",NA,6,"yes","NonNative"
2018-06-13,"KS, PT","Turf","1","Turf_1",32,"S",NA,1,"no","NonNative"
2018-06-13,"KS, PT","Turf","1","Turf_1",33,"CYNDAC",NA,6,"yes","NonNative"
2018-06-13,"KS, PT","Turf","1","Turf_1",33,"S",NA,1,"no","NonNative"
2018-06-13,"KS, PT","Turf","1","Turf_1",34,"CYNDAC",NA,6,"yes","NonNative"
2018-06-13,"KS, PT","Turf","1","Turf_1",34,"S",NA,1,"no","NonNative"
2018-06-13,"KS, PT","Turf","1","Turf_1",35,"CYNDAC",NA,6,"yes","NonNative"
2018-06-13,"KS, PT","Turf","1","Turf_1",35,"S",NA,1,"no","NonNative"
2018-06-13,"KS, PT","Turf","1","Turf_1",36,"CYNDAC",NA,6,"yes","NonNative"
2018-06-13,"KS, PT","Turf","1","Turf_1",36,"S",NA,1,"no","NonNative"
2018-06-13,"KS, PT","Turf","1","Turf_1",37,"CYNDAC",NA,6,"yes","NonNative"
2018-06-13,"KS, PT","Turf","1","Turf_1",37,"S",NA,1,"no","NonNative"
2018-06-13,"KS, PT","Turf","1","Turf_1",38,"CYNDAC",NA,6,"yes","NonNative"
2018-06-13,"KS, PT","Turf","1","Turf_1",38,"S",NA,1,"no","NonNative"
2018-06-13,"KS, PT","Turf","1","Turf_1",39,"CYNDAC",NA,6,"yes","NonNative"
2018-06-13,"KS, PT","Turf","1","Turf_1",39,"S",NA,1,"no","NonNative"
2018-06-13,"KS, PT","Turf","1","Turf_1",40,"CYNDAC",NA,6,"yes","NonNative"
2018-06-13,"KS, PT","Turf","1","Turf_1",40,"S",NA,1,"no","NonNative"
2018-06-13,"KS, PT","Turf","1","Turf_1",41,"CYNDAC",NA,6,"yes","NonNative"
2018-06-13,"KS, PT","Turf","1","Turf_1",41,"S",NA,1,"no","NonNative"
2018-06-13,"KS, PT","Turf","1","Turf_1",42,"CYNDAC",NA,6,"yes","NonNative"
2018-06-13,"KS, PT","Turf","1","Turf_1",42,"S",NA,1,"no","NonNative"
2018-06-13,"KS, PT","Turf","1","Turf_1",43,"CYNDAC",NA,6,"yes","NonNative"
2018-06-13,"KS, PT","Turf","1","Turf_1",43,"S",NA,1,"no","NonNative"
2018-06-13,"KS, PT","Turf","1","Turf_1",44,"D(CYNDAC)",NA,9,"no","NonNative"
2018-06-13,"KS, PT","Turf","1","Turf_1",44,"S",NA,1,"no","NonNative"
2018-06-13,"KS, PT","Turf","2","Turf_2",1,"UK(02)",NA,6,"yes","Native"
2018-06-13,"KS, PT","Turf","2","Turf_2",1,"UK(01)",NA,6,"yes","Native"
2018-06-13,"KS, PT","Turf","2","Turf_2",1,"CYNDAC",NA,6,"yes","Native"
2018-06-13,"KS, PT","Turf","2","Turf_2",1,"L",NA,1,"no","Native"
2018-06-13,"KS, PT","Turf","2","Turf_2",2,"CYNDAC",NA,6,"yes","Native"
2018-06-13,"KS, PT","Turf","2","Turf_2",2,"S",NA,1,"no","Native"
2018-06-13,"KS, PT","Turf","2","Turf_2",3,"CYNDAC",NA,6,"yes","Native"
2018-06-13,"KS, PT","Turf","2","Turf_2",3,"S",NA,1,"no","Native"
2018-06-13,"KS, PT","Turf","2","Turf_2",4,"CYNDAC",NA,6,"yes","Native"
2018-06-13,"KS, PT","Turf","2","Turf_2",4,"S",NA,1,"no","Native"
2018-06-13,"KS, PT","Turf","2","Turf_2",5,"CYNDAC",NA,6,"yes","Native"
2018-06-13,"KS, PT","Turf","2","Turf_2",5,"S",NA,1,"no","Native"
2018-06-13,"KS, PT","Turf","2","Turf_2",6,"CYNDAC",NA,6,"yes","Native"
2018-06-13,"KS, PT","Turf","2","Turf_2",6,"S",NA,1,"no","Native"
2018-06-13,"KS, PT","Turf","2","Turf_2",7,"CYNDAC",NA,6,"yes","Native"
2018-06-13,"KS, PT","Turf","2","Turf_2",7,"S",NA,1,"no","Native"
2018-06-13,"KS, PT","Turf","2","Turf_2",8,"CYNDAC",NA,6,"yes","Native"
2018-06-13,"KS, PT","Turf","2","Turf_2",8,"S",NA,1,"no","Native"
2018-06-13,"KS, PT","Turf","2","Turf_2",9,"CYNDAC",NA,6,"yes","Native"
2018-06-13,"KS, PT","Turf","2","Turf_2",9,"S",NA,1,"no","Native"
2018-06-13,"KS, PT","Turf","2","Turf_2",10,"CYNDAC",NA,6,"yes","Native"
2018-06-13,"KS, PT","Turf","2","Turf_2",10,"S",NA,1,"no","Native"
2018-06-13,"KS, PT","Turf","2","Turf_2",11,"CYNDAC",NA,6,"yes","Native"
2018-06-13,"KS, PT","Turf","2","Turf_2",11,"S",NA,1,"no","Native"
2018-06-13,"KS, PT","Turf","2","Turf_2",12,"CYNDAC",NA,6,"yes","Native"
2018-06-13,"KS, PT","Turf","2","Turf_2",12,"S",NA,1,"no","Native"
2018-06-13,"KS, PT","Turf","2","Turf_2",13,"CYNDAC",NA,6,"yes","Native"
2018-06-13,"KS, PT","Turf","2","Turf_2",13,"S",NA,1,"no","Native"
2018-06-13,"KS, PT","Turf","2","Turf_2",14,"CYNDAC",NA,6,"yes","Native"
2018-06-13,"KS, PT","Turf","2","Turf_2",14,"S",NA,1,"no","Native"
2018-06-13,"KS, PT","Turf","2","Turf_2",15,"CYNDAC",NA,6,"yes","Native"
2018-06-13,"KS, PT","Turf","2","Turf_2",15,"S",NA,1,"no","Native"
2018-06-13,"KS, PT","Turf","2","Turf_2",16,"CYNDAC",NA,6,"yes","Native"
2018-06-13,"KS, PT","Turf","2","Turf_2",16,"S",NA,1,"no","Native"
2018-06-13,"KS, PT","Turf","2","Turf_2",17,"CYNDAC",NA,6,"yes","Native"
2018-06-13,"KS, PT","Turf","2","Turf_2",17,"S",NA,1,"no","Native"
2018-06-13,"KS, PT","Turf","2","Turf_2",18,"CYNDAC",NA,6,"yes","Native"
2018-06-13,"KS, PT","Turf","2","Turf_2",18,"OXACOR",NA,6,"yes","Native"
2018-06-13,"KS, PT","Turf","2","Turf_2",18,"S",NA,1,"no","Native"
2018-06-13,"KS, PT","Turf","2","Turf_2",19,"CYNDAC",NA,6,"yes","Native"
2018-06-13,"KS, PT","Turf","2","Turf_2",19,"S",NA,1,"no","Native"
2018-06-13,"KS, PT","Turf","2","Turf_2",20,"CYNDAC",NA,6,"yes","Native"
2018-06-13,"KS, PT","Turf","2","Turf_2",20,"OXACOR",NA,6,"yes","Native"
2018-06-13,"KS, PT","Turf","2","Turf_2",20,"S",NA,1,"no","Native"
2018-06-13,"KS, PT","Turf","2","Turf_2",23,"CYNDAC",NA,6,"yes","NonNative"
2018-06-13,"KS, PT","Turf","2","Turf_2",23,"S",NA,1,"no","NonNative"
2018-06-13,"KS, PT","Turf","2","Turf_2",24,"CYNDAC",NA,6,"yes","NonNative"
2018-06-13,"KS, PT","Turf","2","Turf_2",24,"S",NA,1,"no","NonNative"
2018-06-13,"KS, PT","Turf","2","Turf_2",25,"CYNDAC",NA,6,"yes","NonNative"
2018-06-13,"KS, PT","Turf","2","Turf_2",25,"S",NA,1,"no","NonNative"
2018-06-13,"KS, PT","Turf","2","Turf_2",26,"CYNDAC",NA,6,"yes","NonNative"
2018-06-13,"KS, PT","Turf","2","Turf_2",26,"S",NA,1,"no","NonNative"
2018-06-13,"KS, PT","Turf","2","Turf_2",27,"CYNDAC",NA,6,"yes","NonNative"
2018-06-13,"KS, PT","Turf","2","Turf_2",27,"S",NA,1,"no","NonNative"
2018-06-13,"KS, PT","Turf","2","Turf_2",28,"CYNDAC",NA,6,"yes","NonNative"
2018-06-13,"KS, PT","Turf","2","Turf_2",28,"S",NA,1,"no","NonNative"
2018-06-13,"KS, PT","Turf","2","Turf_2",29,"CYNDAC",NA,6,"yes","NonNative"
2018-06-13,"KS, PT","Turf","2","Turf_2",29,"S",NA,1,"no","NonNative"
2018-06-13,"KS, PT","Turf","2","Turf_2",30,"CYNDAC",NA,6,"yes","NonNative"
2018-06-13,"KS, PT","Turf","2","Turf_2",30,"S",NA,1,"no","NonNative"
2018-06-13,"KS, PT","Turf","2","Turf_2",31,"CYNDAC",NA,6,"yes","NonNative"
2018-06-13,"KS, PT","Turf","2","Turf_2",31,"S",NA,1,"no","NonNative"
2018-06-13,"KS, PT","Turf","2","Turf_2",32,"CYNDAC",NA,6,"yes","NonNative"
2018-06-13,"KS, PT","Turf","2","Turf_2",32,"OXACOR",NA,6,"yes","NonNative"
2018-06-13,"KS, PT","Turf","2","Turf_2",32,"S",NA,1,"no","NonNative"
2018-06-13,"KS, PT","Turf","2","Turf_2",33,"CYNDAC",NA,6,"yes","NonNative"
2018-06-13,"KS, PT","Turf","2","Turf_2",33,"S",NA,1,"no","NonNative"
2018-06-13,"KS, PT","Turf","2","Turf_2",34,"CYNDAC",NA,6,"yes","NonNative"
2018-06-13,"KS, PT","Turf","2","Turf_2",34,"S",NA,1,"no","NonNative"
2018-06-13,"KS, PT","Turf","2","Turf_2",35,"CYNDAC",NA,6,"yes","NonNative"
2018-06-13,"KS, PT","Turf","2","Turf_2",35,"S",NA,1,"no","NonNative"
2018-06-13,"KS, PT","Turf","2","Turf_2",36,"CYNDAC",NA,6,"yes","NonNative"
2018-06-13,"KS, PT","Turf","2","Turf_2",36,"S",NA,1,"no","NonNative"
2018-06-13,"KS, PT","Turf","2","Turf_2",37,"CYNDAC",NA,6,"yes","NonNative"
2018-06-13,"KS, PT","Turf","2","Turf_2",37,"OXACOR",NA,6,"yes","NonNative"
2018-06-13,"KS, PT","Turf","2","Turf_2",37,"S",NA,1,"no","NonNative"
2018-06-13,"KS, PT","Turf","2","Turf_2",38,"CYNDAC",NA,6,"yes","NonNative"
2018-06-13,"KS, PT","Turf","2","Turf_2",38,"S",NA,1,"no","NonNative"
2018-06-13,"KS, PT","Turf","2","Turf_2",39,"CYNDAC",NA,6,"yes","NonNative"
2018-06-13,"KS, PT","Turf","2","Turf_2",39,"S",NA,1,"no","NonNative"
2018-06-13,"KS, PT","Turf","2","Turf_2",40,"CYNDAC",NA,6,"yes","NonNative"
2018-06-13,"KS, PT","Turf","2","Turf_2",40,"OXACOR",NA,6,"yes","NonNative"
2018-06-13,"KS, PT","Turf","2","Turf_2",40,"S",NA,1,"no","NonNative"
2018-06-13,"KS, PT","Turf","2","Turf_2",41,"CYNDAC",NA,6,"yes","NonNative"
2018-06-13,"KS, PT","Turf","2","Turf_2",41,"S",NA,1,"no","NonNative"
2018-06-13,"KS, PT","Turf","2","Turf_2",42,"CYNDAC",NA,6,"yes","NonNative"
2018-06-13,"KS, PT","Turf","2","Turf_2",42,"S",NA,1,"no","NonNative"
2018-06-13,"KS, PT","Turf","2","Turf_2",43,"CYNDAC",NA,6,"yes","NonNative"
2018-06-13,"KS, PT","Turf","2","Turf_2",43,"UK(04)",NA,6,"yes","NonNative"
2018-06-13,"KS, PT","Turf","2","Turf_2",43,"S",NA,1,"no","NonNative"
2018-06-13,"KS, PT","Turf","2","Turf_2",44,"CYNDAC",NA,6,"yes","NonNative"
2018-06-13,"KS, PT","Turf","2","Turf_2",44,"S",NA,1,"no","NonNative"
2018-06-13,"KS, PT","No Turf","1","No Turf_1",1,"L",NA,1,"no","NonNative"
2018-06-13,"KS, PT","No Turf","1","No Turf_1",2,"CYNDAC","(pw)",6,"yes","NonNative"
2018-06-13,"KS, PT","No Turf","1","No Turf_1",2,"VINMAJ",NA,6,"yes","NonNative"
2018-06-13,"KS, PT","No Turf","1","No Turf_1",2,"L",NA,1,"no","NonNative"
2018-06-13,"KS, PT","No Turf","1","No Turf_1",3,"SONASP",NA,6,"yes","NonNative"
2018-06-13,"KS, PT","No Turf","1","No Turf_1",3,"CYNDAC",NA,6,"yes","NonNative"
2018-06-13,"KS, PT","No Turf","1","No Turf_1",3,"L",NA,1,"no","NonNative"
2018-06-13,"KS, PT","No Turf","1","No Turf_1",4,"CYNDAC",NA,6,"yes","NonNative"
2018-06-13,"KS, PT","No Turf","1","No Turf_1",4,"L",NA,1,"no","NonNative"
2018-06-13,"KS, PT","No Turf","1","No Turf_1",5,"CYNDAC",NA,6,"yes","NonNative"
2018-06-13,"KS, PT","No Turf","1","No Turf_1",5,"L",NA,1,"no","NonNative"
2018-06-13,"KS, PT","No Turf","1","No Turf_1",6,"EUPALB",NA,6,"yes","NonNative"
2018-06-13,"KS, PT","No Turf","1","No Turf_1",6,"L",NA,1,"no","NonNative"
2018-06-13,"KS, PT","No Turf","1","No Turf_1",7,"LONJAP",NA,6,"yes","NonNative"
2018-06-13,"KS, PT","No Turf","1","No Turf_1",7,"L",NA,1,"no","NonNative"
2018-06-13,"KS, PT","No Turf","1","No Turf_1",8,"LONJAP",NA,6,"yes","NonNative"
2018-06-13,"KS, PT","No Turf","1","No Turf_1",8,"L",NA,1,"no","NonNative"
2018-06-13,"KS, PT","No Turf","1","No Turf_1",9,"L",NA,1,"no","NonNative"
2018-06-13,"KS, PT","No Turf","1","No Turf_1",10,"IPOHED",NA,6,"yes","NonNative"
2018-06-13,"KS, PT","No Turf","1","No Turf_1",10,"L",NA,1,"no","NonNative"
2018-06-13,"KS, PT","No Turf","1","No Turf_1",11,"IPOHED",NA,6,"yes","Native"
2018-06-13,"KS, PT","No Turf","1","No Turf_1",11,"S",NA,1,"no","Native"
2018-06-13,"KS, PT","No Turf","1","No Turf_1",12,"IPOHED",NA,6,"yes","Native"
2018-06-13,"KS, PT","No Turf","1","No Turf_1",12,"VINMAJ",NA,6,"yes","Native"
2018-06-13,"KS, PT","No Turf","1","No Turf_1",12,"S",NA,1,"no","Native"
2018-06-13,"KS, PT","No Turf","1","No Turf_1",13,"CYNDAC",NA,6,"yes","Native"
2018-06-13,"KS, PT","No Turf","1","No Turf_1",13,"IPOHED",NA,6,"yes","Native"
2018-06-13,"KS, PT","No Turf","1","No Turf_1",13,"S",NA,1,"no","Native"
2018-06-13,"KS, PT","No Turf","1","No Turf_1",14,"IPOHED",NA,6,"yes","Native"
2018-06-13,"KS, PT","No Turf","1","No Turf_1",14,"LONJAP",NA,6,"yes","Native"
2018-06-13,"KS, PT","No Turf","1","No Turf_1",14,"S",NA,1,"no","Native"
2018-06-13,"KS, PT","No Turf","1","No Turf_1",15,"IPOHED",NA,6,"yes","Native"
2018-06-13,"KS, PT","No Turf","1","No Turf_1",15,"LONJAP",NA,6,"yes","Native"
2018-06-13,"KS, PT","No Turf","1","No Turf_1",15,"VINMAJ",NA,6,"yes","Native"
2018-06-13,"KS, PT","No Turf","1","No Turf_1",15,"S",NA,1,"no","Native"
2018-06-13,"KS, PT","No Turf","1","No Turf_1",16,"IPOHED",NA,6,"yes","Native"
2018-06-13,"KS, PT","No Turf","1","No Turf_1",16,"S",NA,1,"no","Native"
2018-06-13,"KS, PT","No Turf","1","No Turf_1",17,"IPOHED",NA,6,"yes","Native"
2018-06-13,"KS, PT","No Turf","1","No Turf_1",17,"VINMAJ",NA,6,"yes","Native"
2018-06-13,"KS, PT","No Turf","1","No Turf_1",17,"S",NA,1,"no","Native"
2018-06-13,"KS, PT","No Turf","1","No Turf_1",18,"IPOHED",NA,6,"yes","Native"
2018-06-13,"KS, PT","No Turf","1","No Turf_1",18,"VINMAJ",NA,6,"yes","Native"
2018-06-13,"KS, PT","No Turf","1","No Turf_1",18,"S",NA,1,"no","Native"
2018-06-13,"KS, PT","No Turf","1","No Turf_1",19,"IPOHED",NA,6,"yes","Native"
2018-06-13,"KS, PT","No Turf","1","No Turf_1",19,"S",NA,1,"no","Native"
2018-06-13,"KS, PT","No Turf","1","No Turf_1",20,"IPOHED",NA,6,"yes","Native"
2018-06-13,"KS, PT","No Turf","1","No Turf_1",20,"VINMAJ",NA,6,"yes","Native"
2018-06-13,"KS, PT","No Turf","1","No Turf_1",20,"LONJAP",NA,6,"yes","Native"
2018-06-13,"KS, PT","No Turf","1","No Turf_1",20,"S",NA,1,"no","Native"
2018-06-13,"KS, PT","No Turf","1","No Turf_1",23,"PITTOB",NA,6,"yes","Native"
2018-06-13,"KS, PT","No Turf","1","No Turf_1",23,"VINMAJ",NA,6,"yes","Native"
2018-06-13,"KS, PT","No Turf","1","No Turf_1",23,"S",NA,1,"no","Native"
2018-06-13,"KS, PT","No Turf","1","No Turf_1",24,"VINMAJ",NA,6,"yes","Native"
2018-06-13,"KS, PT","No Turf","1","No Turf_1",24,"LONJAP",NA,6,"yes","Native"
2018-06-13,"KS, PT","No Turf","1","No Turf_1",24,"S",NA,1,"no","Native"
2018-06-13,"KS, PT","No Turf","1","No Turf_1",25,"IPOHED",NA,6,"yes","Native"
2018-06-13,"KS, PT","No Turf","1","No Turf_1",25,"VINMAJ",NA,6,"yes","Native"
2018-06-13,"KS, PT","No Turf","1","No Turf_1",25,"LONGJEP",NA,7,"no","Native"
2018-06-13,"KS, PT","No Turf","1","No Turf_1",25,"S",NA,1,"no","Native"
2018-06-13,"KS, PT","No Turf","1","No Turf_1",26,"VINMAJ","Tree w/ yellow seeds and flowers",6,"yes","Native"
2018-06-13,"KS, PT","No Turf","1","No Turf_1",26,"LONJAP",NA,6,"yes","Native"
2018-06-13,"KS, PT","No Turf","1","No Turf_1",26,"HEDHEL",NA,6,"yes","Native"
2018-06-13,"KS, PT","No Turf","1","No Turf_1",26,"UK(05)",NA,6,"yes","Native"
2018-06-13,"KS, PT","No Turf","1","No Turf_1",26,"S",NA,1,"no","Native"
2018-06-13,"KS, PT","No Turf","1","No Turf_1",27,"LONJAP",NA,6,"yes","Native"
2018-06-13,"KS, PT","No Turf","1","No Turf_1",27,"VINMAJ",NA,6,"yes","Native"
2018-06-13,"KS, PT","No Turf","1","No Turf_1",27,"HEDHEL",NA,6,"yes","Native"
2018-06-13,"KS, PT","No Turf","1","No Turf_1",27,"UK(05)",NA,6,"yes","Native"
2018-06-13,"KS, PT","No Turf","1","No Turf_1",27,"B",NA,1,"no","Native"
2018-06-13,"KS, PT","No Turf","1","No Turf_1",28,"LONJAP",NA,6,"yes","Native"
2018-06-13,"KS, PT","No Turf","1","No Turf_1",28,"B",NA,1,"no","Native"
2018-06-13,"KS, PT","No Turf","1","No Turf_1",29,"VINMAJ",NA,6,"yes","Native"
2018-06-13,"KS, PT","No Turf","1","No Turf_1",29,"UK(05)",NA,6,"yes","Native"
2018-06-13,"KS, PT","No Turf","1","No Turf_1",29,"B",NA,1,"no","Native"
2018-06-13,"KS, PT","No Turf","1","No Turf_1",30,"VINMAJ",NA,6,"yes","Native"
2018-06-13,"KS, PT","No Turf","1","No Turf_1",30,"HEDHEL",NA,6,"yes","Native"
2018-06-13,"KS, PT","No Turf","1","No Turf_1",30,"UK(05)",NA,6,"yes","Native"
2018-06-13,"KS, PT","No Turf","1","No Turf_1",30,"S",NA,1,"no","Native"
2018-06-13,"KS, PT","No Turf","1","No Turf_1",31,"LONJAP",NA,6,"yes","Native"
2018-06-13,"KS, PT","No Turf","1","No Turf_1",31,"VINMAJ",NA,6,"yes","Native"
2018-06-13,"KS, PT","No Turf","1","No Turf_1",31,"HEDHEL",NA,6,"yes","Native"
2018-06-13,"KS, PT","No Turf","1","No Turf_1",31,"UK(05)",NA,6,"yes","Native"
2018-06-13,"KS, PT","No Turf","1","No Turf_1",31,"S",NA,1,"no","Native"
2018-06-13,"KS, PT","No Turf","1","No Turf_1",32,"VINMAJ",NA,6,"yes","Native"
2018-06-13,"KS, PT","No Turf","1","No Turf_1",32,"LONJAP",NA,6,"yes","Native"
2018-06-13,"KS, PT","No Turf","1","No Turf_1",32,"B",NA,1,"no","Native"
2018-06-13,"KS, PT","No Turf","1","No Turf_1",33,"LONJAP",NA,6,"yes","Native"
2018-06-13,"KS, PT","No Turf","1","No Turf_1",33,"HEDHEL",NA,6,"yes","Native"
2018-06-13,"KS, PT","No Turf","1","No Turf_1",33,"VINMAJ",NA,6,"yes","Native"
2018-06-13,"KS, PT","No Turf","1","No Turf_1",33,"S",NA,1,"no","Native"
2018-06-13,"KS, PT","No Turf","1","No Turf_1",34,"LONJAP",NA,6,"yes","Native"
2018-06-13,"KS, PT","No Turf","1","No Turf_1",34,"HEDHEL",NA,6,"yes","Native"
2018-06-13,"KS, PT","No Turf","1","No Turf_1",34,"VINMAJ",NA,6,"yes","Native"
2018-06-13,"KS, PT","No Turf","1","No Turf_1",34,"S",NA,1,"no","Native"
2018-06-13,"KS, PT","No Turf","1","No Turf_1",35,"LONJAP",NA,6,"yes","Native"
2018-06-13,"KS, PT","No Turf","1","No Turf_1",35,"VINMAJ",NA,6,"yes","Native"
2018-06-13,"KS, PT","No Turf","1","No Turf_1",35,"S",NA,1,"no","Native"
2018-06-13,"KS, PT","No Turf","1","No Turf_1",36,"LONJAP",NA,6,"yes","Native"
2018-06-13,"KS, PT","No Turf","1","No Turf_1",36,"VINMAJ",NA,6,"yes","Native"
2018-06-13,"KS, PT","No Turf","1","No Turf_1",36,"L",NA,1,"no","Native"
2018-06-13,"KS, PT","No Turf","1","No Turf_1",37,"LONJAP",NA,6,"yes","Native"
2018-06-13,"KS, PT","No Turf","1","No Turf_1",37,"VINMAJ",NA,6,"yes","Native"
2018-06-13,"KS, PT","No Turf","1","No Turf_1",37,"S",NA,1,"no","Native"
2018-06-13,"KS, PT","No Turf","1","No Turf_1",39,"LONJAP",NA,6,"yes","NonNative"
2018-06-13,"KS, PT","No Turf","1","No Turf_1",39,"VINMAJ",NA,6,"yes","NonNative"
2018-06-13,"KS, PT","No Turf","1","No Turf_1",39,"S",NA,1,"no","NonNative"
2018-06-13,"KS, PT","No Turf","1","No Turf_1",40,"LONJAP",NA,6,"yes","NonNative"
2018-06-13,"KS, PT","No Turf","1","No Turf_1",40,"VINMAJ",NA,6,"yes","NonNative"
2018-06-13,"KS, PT","No Turf","1","No Turf_1",40,"S",NA,1,"no","NonNative"
2018-06-13,"KS, PT","No Turf","1","No Turf_1",41,"LONJAP",NA,6,"yes","NonNative"
2018-06-13,"KS, PT","No Turf","1","No Turf_1",41,"VINMAJ",NA,6,"yes","NonNative"
2018-06-13,"KS, PT","No Turf","1","No Turf_1",41,"S",NA,1,"no","NonNative"
2018-06-13,"KS, PT","No Turf","1","No Turf_1",42,"L",NA,1,"no","NonNative"
2018-06-13,"KS, PT","No Turf","1","No Turf_1",42,"B","T. LENGTH 42.37",1,"no","NonNative"
2018-06-13,"KS, PT","No Turf","2","No Turf_2",1,"IPOHED","Tree, citrus-y (living RM)",6,"yes","NonNative"
2018-06-13,"KS, PT","No Turf","2","No Turf_2",1,"UK(06)",NA,6,"yes","NonNative"
2018-06-13,"KS, PT","No Turf","2","No Turf_2",1,"S",NA,1,"no","NonNative"
2018-06-13,"KS, PT","No Turf","2","No Turf_2",2,"IPOHED","(pw)",6,"yes","NonNative"
2018-06-13,"KS, PT","No Turf","2","No Turf_2",2,"VINMAJ",NA,6,"yes","NonNative"
2018-06-13,"KS, PT","No Turf","2","No Turf_2",2,"CYNDAC",NA,6,"yes","NonNative"
2018-06-13,"KS, PT","No Turf","2","No Turf_2",2,"UK(06)",NA,6,"yes","NonNative"
2018-06-13,"KS, PT","No Turf","2","No Turf_2",2,"S",NA,1,"no","NonNative"
2018-06-13,"KS, PT","No Turf","2","No Turf_2",3,"IPOHED",NA,6,"yes","NonNative"
2018-06-13,"KS, PT","No Turf","2","No Turf_2",3,"UK(06)",NA,6,"yes","NonNative"
2018-06-13,"KS, PT","No Turf","2","No Turf_2",3,"S",NA,1,"no","NonNative"
2018-06-13,"KS, PT","No Turf","2","No Turf_2",4,"IPOHED",NA,6,"yes","NonNative"
2018-06-13,"KS, PT","No Turf","2","No Turf_2",4,"CYNDAC",NA,6,"yes","NonNative"
2018-06-13,"KS, PT","No Turf","2","No Turf_2",4,"UK(06)",NA,6,"yes","NonNative"
2018-06-13,"KS, PT","No Turf","2","No Turf_2",4,"S",NA,1,"no","NonNative"
2018-06-13,"KS, PT","No Turf","2","No Turf_2",5,"IPOHED",NA,6,"yes","NonNative"
2018-06-13,"KS, PT","No Turf","2","No Turf_2",5,"LONJAP",NA,6,"yes","NonNative"
2018-06-13,"KS, PT","No Turf","2","No Turf_2",5,"S",NA,1,"no","NonNative"
2018-06-13,"KS, PT","No Turf","2","No Turf_2",6,"IPOHED",NA,6,"yes","NonNative"
2018-06-13,"KS, PT","No Turf","2","No Turf_2",6,"S",NA,1,"no","NonNative"
2018-06-13,"KS, PT","No Turf","2","No Turf_2",7,"IPOHED",NA,6,"yes","NonNative"
2018-06-13,"KS, PT","No Turf","2","No Turf_2",7,"S",NA,1,"no","NonNative"
2018-06-13,"KS, PT","No Turf","2","No Turf_2",8,"IPOHED",NA,6,"yes","NonNative"
2018-06-13,"KS, PT","No Turf","2","No Turf_2",8,"S",NA,1,"no","NonNative"
2018-06-13,"KS, PT","No Turf","2","No Turf_2",9,"IPOHED",NA,6,"yes","NonNative"
2018-06-13,"KS, PT","No Turf","2","No Turf_2",9,"S",NA,1,"no","NonNative"
2018-06-13,"KS, PT","No Turf","2","No Turf_2",10,"IPOHED",NA,6,"yes","NonNative"
2018-06-13,"KS, PT","No Turf","2","No Turf_2",10,"S",NA,1,"no","NonNative"
2018-06-13,"KS, PT","No Turf","2","No Turf_2",11,"IPOHED",NA,6,"yes","Native"
2018-06-13,"KS, PT","No Turf","2","No Turf_2",11,"L",NA,1,"no","Native"
2018-06-13,"KS, PT","No Turf","2","No Turf_2",12,"IPOHED",NA,6,"yes","Native"
2018-06-13,"KS, PT","No Turf","2","No Turf_2",12,"HEDHEL",NA,6,"yes","Native"
2018-06-13,"KS, PT","No Turf","2","No Turf_2",12,"S",NA,1,"no","Native"
2018-06-13,"KS, PT","No Turf","2","No Turf_2",13,"IPOHED",NA,6,"yes","Native"
2018-06-13,"KS, PT","No Turf","2","No Turf_2",13,"HEDHEL",NA,6,"yes","Native"
2018-06-13,"KS, PT","No Turf","2","No Turf_2",13,"S",NA,1,"no","Native"
2018-06-13,"KS, PT","No Turf","2","No Turf_2",14,"IPOHED",NA,6,"yes","Native"
2018-06-13,"KS, PT","No Turf","2","No Turf_2",14,"VINMAJ",NA,6,"yes","Native"
2018-06-13,"KS, PT","No Turf","2","No Turf_2",14,"HEDHEL",NA,6,"yes","Native"
2018-06-13,"KS, PT","No Turf","2","No Turf_2",14,"S",NA,1,"no","Native"
2018-06-13,"KS, PT","No Turf","2","No Turf_2",15,"IPOHED",NA,6,"yes","Native"
2018-06-13,"KS, PT","No Turf","2","No Turf_2",15,"HEDHEL",NA,6,"yes","Native"
2018-06-13,"KS, PT","No Turf","2","No Turf_2",15,"S",NA,1,"no","Native"
2018-06-13,"KS, PT","No Turf","2","No Turf_2",16,"IPOHED",NA,6,"yes","Native"
2018-06-13,"KS, PT","No Turf","2","No Turf_2",16,"VINMAJ",NA,6,"yes","Native"
2018-06-13,"KS, PT","No Turf","2","No Turf_2",16,"HEDHEL",NA,6,"yes","Native"
2018-06-13,"KS, PT","No Turf","2","No Turf_2",16,"UK(06)",NA,6,"yes","Native"
2018-06-13,"KS, PT","No Turf","2","No Turf_2",16,"S",NA,1,"no","Native"
2018-06-13,"KS, PT","No Turf","2","No Turf_2",17,"IPOHED",NA,6,"yes","Native"
2018-06-13,"KS, PT","No Turf","2","No Turf_2",17,"VINMAJ",NA,6,"yes","Native"
2018-06-13,"KS, PT","No Turf","2","No Turf_2",17,"UK(06)",NA,6,"yes","Native"
2018-06-13,"KS, PT","No Turf","2","No Turf_2",17,"S",NA,1,"no","Native"
2018-06-13,"KS, PT","No Turf","2","No Turf_2",18,"UK(06)",NA,6,"yes","Native"
2018-06-13,"KS, PT","No Turf","2","No Turf_2",18,"IPOHED",NA,6,"yes","Native"
2018-06-13,"KS, PT","No Turf","2","No Turf_2",18,"L",NA,1,"no","Native"
2018-06-13,"KS, PT","No Turf","2","No Turf_2",19,"IPOHED",NA,6,"yes","Native"
2018-06-13,"KS, PT","No Turf","2","No Turf_2",19,"VINMAJ",NA,6,"yes","Native"
2018-06-13,"KS, PT","No Turf","2","No Turf_2",19,"L",NA,1,"no","Native"
2018-06-13,"KS, PT","No Turf","2","No Turf_2",20,"IPOHED",NA,6,"yes","Native"
2018-06-13,"KS, PT","No Turf","2","No Turf_2",20,"HEDHEL",NA,6,"yes","Native"
2018-06-13,"KS, PT","No Turf","2","No Turf_2",20,"S",NA,1,"no","Native"
2018-06-13,"KS, PT","No Turf","2","No Turf_2",23,"ILECOR","waxy, round leaves ilex coruta (chinese holly) (was UNK7)",6,"yes","Native"
2018-06-13,"KS, PT","No Turf","2","No Turf_2",23,"HEDHEL",NA,6,"yes","Native"
2018-06-13,"KS, PT","No Turf","2","No Turf_2",23,"VINMAJ",NA,6,"yes","Native"
2018-06-13,"KS, PT","No Turf","2","No Turf_2",23,"S",NA,1,"no","Native"
2018-06-13,"KS, PT","No Turf","2","No Turf_2",24,"ILECOR",NA,6,"yes","Native"
2018-06-13,"KS, PT","No Turf","2","No Turf_2",24,"HEDHEL",NA,6,"yes","Native"
2018-06-13,"KS, PT","No Turf","2","No Turf_2",24,"S",NA,1,"no","Native"
2018-06-13,"KS, PT","No Turf","2","No Turf_2",25,"ILECOR",NA,6,"yes","Native"
2018-06-13,"KS, PT","No Turf","2","No Turf_2",25,"VINMAJ",NA,6,"yes","Native"
2018-06-13,"KS, PT","No Turf","2","No Turf_2",25,"HEDHEL",NA,6,"yes","Native"
2018-06-13,"KS, PT","No Turf","2","No Turf_2",25,"S",NA,1,"no","Native"
2018-06-13,"KS, PT","No Turf","2","No Turf_2",26,"HEDHEL",NA,6,"yes","Native"
2018-06-13,"KS, PT","No Turf","2","No Turf_2",26,"VINMAJ",NA,6,"yes","Native"
2018-06-13,"KS, PT","No Turf","2","No Turf_2",26,"S",NA,1,"no","Native"
2018-06-13,"KS, PT","No Turf","2","No Turf_2",27,"VINMAJ",NA,6,"yes","Native"
2018-06-13,"KS, PT","No Turf","2","No Turf_2",27,"HEDHEL",NA,6,"yes","Native"
2018-06-13,"KS, PT","No Turf","2","No Turf_2",27,"S",NA,1,"no","Native"
2018-06-13,"KS, PT","No Turf","2","No Turf_2",28,"HEDHEL",NA,6,"yes","Native"
2018-06-13,"KS, PT","No Turf","2","No Turf_2",28,"S",NA,1,"no","Native"
2018-06-13,"KS, PT","No Turf","2","No Turf_2",29,"VINMAJ",NA,6,"yes","Native"
2018-06-13,"KS, PT","No Turf","2","No Turf_2",29,"HEDHEL",NA,6,"yes","Native"
2018-06-13,"KS, PT","No Turf","2","No Turf_2",29,"S",NA,1,"no","Native"
2018-06-13,"KS, PT","No Turf","2","No Turf_2",30,"VINMAJ",NA,6,"yes","Native"
2018-06-13,"KS, PT","No Turf","2","No Turf_2",30,"HEDHEL",NA,6,"yes","Native"
2018-06-13,"KS, PT","No Turf","2","No Turf_2",30,"LONJAP",NA,6,"yes","Native"
2018-06-13,"KS, PT","No Turf","2","No Turf_2",30,"S",NA,1,"no","Native"
2018-06-13,"KS, PT","No Turf","2","No Turf_2",31,"VINMAJ",NA,6,"yes","Native"
2018-06-13,"KS, PT","No Turf","2","No Turf_2",31,"HEDHEL",NA,6,"yes","Native"
2018-06-13,"KS, PT","No Turf","2","No Turf_2",31,"LONJAP",NA,6,"yes","Native"
2018-06-13,"KS, PT","No Turf","2","No Turf_2",31,"S",NA,1,"no","Native"
2018-06-13,"KS, PT","No Turf","2","No Turf_2",32,"VINMAJ",NA,6,"yes","Native"
2018-06-13,"KS, PT","No Turf","2","No Turf_2",32,"HEDHEL",NA,6,"yes","Native"
2018-06-13,"KS, PT","No Turf","2","No Turf_2",32,"LONJAP",NA,6,"yes","Native"
2018-06-13,"KS, PT","No Turf","2","No Turf_2",32,"S",NA,1,"no","Native"
2018-06-13,"KS, PT","No Turf","2","No Turf_2",33,"HEDHEL",NA,6,"yes","Native"
2018-06-13,"KS, PT","No Turf","2","No Turf_2",33,"UK(05)",NA,6,"yes","Native"
2018-06-13,"KS, PT","No Turf","2","No Turf_2",33,"S",NA,1,"no","Native"
2018-06-13,"KS, PT","No Turf","2","No Turf_2",34,"HEDHEL",NA,6,"yes","Native"
2018-06-13,"KS, PT","No Turf","2","No Turf_2",34,"UK(05)",NA,6,"yes","Native"
2018-06-13,"KS, PT","No Turf","2","No Turf_2",34,"S",NA,1,"no","Native"
2018-06-13,"KS, PT","No Turf","2","No Turf_2",35,"HEDHEL",NA,6,"yes","Native"
2018-06-13,"KS, PT","No Turf","2","No Turf_2",35,"L",NA,1,"no","Native"
2018-06-13,"KS, PT","No Turf","2","No Turf_2",36,"HEDHEL",NA,6,"yes","Native"
2018-06-13,"KS, PT","No Turf","2","No Turf_2",36,"UK(05)",NA,6,"yes","Native"
2018-06-13,"KS, PT","No Turf","2","No Turf_2",36,"L",NA,1,"no","Native"
2018-06-13,"KS, PT","No Turf","2","No Turf_2",37,"VINMAJ",NA,6,"yes","Native"
2018-06-13,"KS, PT","No Turf","2","No Turf_2",37,"UK(05)",NA,6,"yes","Native"
2018-06-13,"KS, PT","No Turf","2","No Turf_2",37,"L",NA,1,"no","Native"
2018-06-13,"KS, PT","No Turf","2","No Turf_2",39,"LONJAP",NA,6,"yes","NonNative"
2018-06-13,"KS, PT","No Turf","2","No Turf_2",39,"VINMAJ",NA,6,"yes","NonNative"
2018-06-13,"KS, PT","No Turf","2","No Turf_2",39,"UK(05)",NA,6,"yes","NonNative"
2018-06-13,"KS, PT","No Turf","2","No Turf_2",39,"L",NA,1,"no","NonNative"
2018-06-13,"KS, PT","No Turf","2","No Turf_2",40,"LONJAP",NA,6,"yes","NonNative"
2018-06-13,"KS, PT","No Turf","2","No Turf_2",40,"L",NA,1,"no","NonNative"
2018-06-13,"KS, PT","No Turf","2","No Turf_2",41,"UK(06)",NA,6,"yes","NonNative"
2018-06-13,"KS, PT","No Turf","2","No Turf_2",41,"LONJAP",NA,6,"yes","NonNative"
2018-06-13,"KS, PT","No Turf","2","No Turf_2",41,"HEDHEL",NA,6,"yes","NonNative"
2018-06-13,"KS, PT","No Turf","2","No Turf_2",41,"VINMAJ",NA,6,"yes","NonNative"
2018-06-13,"KS, PT","No Turf","2","No Turf_2",41,"S",NA,1,"no","NonNative"
2018-06-13,"KS, PT","No Turf","2","No Turf_2",42,"UK(06)",NA,6,"yes","NonNative"
2018-06-13,"KS, PT","No Turf","2","No Turf_2",42,"HEDHEL",NA,6,"yes","NonNative"
2018-06-13,"KS, PT","No Turf","2","No Turf_2",42,"VINMAJ",NA,6,"yes","NonNative"
2018-06-13,"KS, PT","No Turf","2","No Turf_2",42,"LONJAP",NA,6,"yes","NonNative"
2018-06-13,"KS, PT","No Turf","2","No Turf_2",42,"L",NA,1,"no","NonNative"
2018-06-13,"KS, PT","No Turf","2","No Turf_2",43,"UK(06)",NA,6,"yes","NonNative"
2018-06-13,"KS, PT","No Turf","2","No Turf_2",43,"VINMAJ",NA,6,"yes","NonNative"
2018-06-13,"KS, PT","No Turf","2","No Turf_2",43,"L","43.8m",1,"no","NonNative"
2019-02-12,"PN,KS,PT","Turf","1.0","Turf_1",1,"F",NA,1,"no","Native"
2019-02-12,"PN,KS,PT","Turf","1.0","Turf_1",1,"DAUCAR",NA,6,"yes","Native"
2019-02-12,"PN,KS,PT","Turf","1.0","Turf_1",2,"W",NA,1,"no","Native"
2019-02-12,"PN,KS,PT","Turf","1.0","Turf_1",3,"F",NA,1,"no","Native"
2019-02-12,"PN,KS,PT","Turf","1.0","Turf_1",3,"ANAARV",NA,6,"yes","Native"
2019-02-12,"PN,KS,PT","Turf","1.0","Turf_1",4,"F",NA,1,"no","Native"
2019-02-12,"PN,KS,PT","Turf","1.0","Turf_1",5,"F",NA,1,"no","Native"
2019-02-12,"PN,KS,PT","Turf","1.0","Turf_1",5,"PERATR",NA,6,"yes","Native"
2019-02-12,"PN,KS,PT","Turf","1.0","Turf_1",6,"F",NA,1,"no","Native"
2019-02-12,"PN,KS,PT","Turf","1.0","Turf_1",7,"W",NA,1,"no","Native"
2019-02-12,"PN,KS,PT","Turf","1.0","Turf_1",8,"F",NA,1,"no","Native"
2019-02-12,"PN,KS,PT","Turf","1.0","Turf_1",9,"F",NA,1,"no","Native"
2019-02-12,"PN,KS,PT","Turf","1.0","Turf_1",9,"EPICAN",NA,6,"yes","Native"
2019-02-12,"PN,KS,PT","Turf","1.0","Turf_1",10,"F",NA,1,"no","Native"
2019-02-12,"PN,KS,PT","Turf","1.0","Turf_1",11,"L",NA,1,"no","Native"
2019-02-12,"PN,KS,PT","Turf","1.0","Turf_1",12,"L",NA,1,"no","Native"
2019-02-12,"PN,KS,PT","Turf","1.0","Turf_1",12,"ERIFAS",NA,6,"yes","Native"
2019-02-12,"PN,KS,PT","Turf","1.0","Turf_1",13,"W",NA,1,"no","Native"
2019-02-12,"PN,KS,PT","Turf","1.0","Turf_1",14,"F",NA,1,"no","Native"
2019-02-12,"PN,KS,PT","Turf","1.0","Turf_1",15,"F",NA,1,"no","Native"
2019-02-12,"PN,KS,PT","Turf","1.0","Turf_1",15,"ERIFAS",NA,6,"yes","Native"
2019-02-12,"PN,KS,PT","Turf","1.0","Turf_1",16,"L",NA,1,"no","Native"
2019-02-12,"PN,KS,PT","Turf","1.0","Turf_1",17,"F",NA,1,"no","Native"
2019-02-12,"PN,KS,PT","Turf","1.0","Turf_1",17,"ERIFAS",NA,6,"yes","Native"
2019-02-12,"PN,KS,PT","Turf","1.0","Turf_1",18,"F",NA,1,"no","Native"
2019-02-12,"PN,KS,PT","Turf","1.0","Turf_1",19,"F",NA,1,"no","Native"
2019-02-12,"PN,KS,PT","Turf","1.0","Turf_1",20,"F",NA,1,"no","Native"
2019-02-12,"PN,KS,PT","Turf","1.0","Turf_1",23,"F",NA,1,"no","NonNative"
2019-02-12,"PN,KS,PT","Turf","1.0","Turf_1",24,"W",NA,1,"no","NonNative"
2019-02-12,"PN,KS,PT","Turf","1.0","Turf_1",24,"CYNDAC",NA,6,"yes","NonNative"
2019-02-12,"PN,KS,PT","Turf","1.0","Turf_1",25,"F",NA,1,"no","NonNative"
2019-02-12,"PN,KS,PT","Turf","1.0","Turf_1",26,"W",NA,1,"no","NonNative"
2019-02-12,"PN,KS,PT","Turf","1.0","Turf_1",26,"DAUCAR",NA,6,"yes","NonNative"
2019-02-12,"PN,KS,PT","Turf","1.0","Turf_1",27,"F",NA,1,"no","NonNative"
2019-02-12,"PN,KS,PT","Turf","1.0","Turf_1",28,"F",NA,1,"no","NonNative"
2019-02-12,"PN,KS,PT","Turf","1.0","Turf_1",29,"F",NA,1,"no","NonNative"
2019-02-12,"PN,KS,PT","Turf","1.0","Turf_1",30,"W",NA,1,"no","NonNative"
2019-02-12,"PN,KS,PT","Turf","1.0","Turf_1",31,"W",NA,1,"no","NonNative"
2019-02-12,"PN,KS,PT","Turf","1.0","Turf_1",32,"F",NA,1,"no","NonNative"
2019-02-12,"PN,KS,PT","Turf","1.0","Turf_1",33,"F",NA,1,"no","NonNative"
2019-02-12,"PN,KS,PT","Turf","1.0","Turf_1",33,"ERIFAS",NA,6,"yes","NonNative"
2019-02-12,"PN,KS,PT","Turf","1.0","Turf_1",34,"F",NA,1,"no","NonNative"
2019-02-12,"PN,KS,PT","Turf","1.0","Turf_1",34,"ANAARV",NA,6,"yes","NonNative"
2019-02-12,"PN,KS,PT","Turf","1.0","Turf_1",35,"F",NA,1,"no","NonNative"
2019-02-12,"PN,KS,PT","Turf","1.0","Turf_1",35,"ERIFAS",NA,6,"yes","NonNative"
2019-02-12,"PN,KS,PT","Turf","1.0","Turf_1",36,"F",NA,1,"no","NonNative"
2019-02-12,"PN,KS,PT","Turf","1.0","Turf_1",37,"L",NA,1,"no","NonNative"
2019-02-12,"PN,KS,PT","Turf","1.0","Turf_1",38,"L",NA,1,"no","NonNative"
2019-02-12,"PN,KS,PT","Turf","1.0","Turf_1",39,"W",NA,1,"no","NonNative"
2019-02-12,"PN,KS,PT","Turf","1.0","Turf_1",40,"F",NA,1,"no","NonNative"
2019-02-12,"PN,KS,PT","Turf","1.0","Turf_1",41,"L",NA,1,"no","NonNative"
2019-02-12,"PN,KS,PT","Turf","1.0","Turf_1",42,"F",NA,1,"no","NonNative"
2019-02-12,"PN,KS,PT","Turf","1.0","Turf_1",43,"L",NA,1,"no","NonNative"
2019-02-12,"PN,KS,PT","Turf","1.0","Turf_1",44,"L",NA,1,"no","NonNative"
2019-02-12,"PN,KS,PT","No Turf","2.0","No Turf_2",1,"F",NA,1,"no","NonNative"
2019-02-12,"PN,KS,PT","No Turf","2.0","No Turf_2",1,"DAUCAR",NA,6,"yes","NonNative"
2019-02-12,"PN,KS,PT","No Turf","2.0","No Turf_2",1,"ANAARV",NA,6,"yes","NonNative"
2019-02-12,"PN,KS,PT","No Turf","2.0","No Turf_2",2,"W",NA,1,"no","NonNative"
2019-02-12,"PN,KS,PT","No Turf","2.0","No Turf_2",2,"ANAARV",NA,6,"yes","NonNative"
2019-02-12,"PN,KS,PT","No Turf","2.0","No Turf_2",3,"F",NA,1,"no","NonNative"
2019-02-12,"PN,KS,PT","No Turf","2.0","No Turf_2",4,"B",NA,1,"no","NonNative"
2019-02-12,"PN,KS,PT","No Turf","2.0","No Turf_2",4,"EUPALB",NA,6,"yes","NonNative"
2019-02-12,"PN,KS,PT","No Turf","2.0","No Turf_2",5,"B",NA,1,"no","NonNative"
2019-02-12,"PN,KS,PT","No Turf","2.0","No Turf_2",5,"UNK(2)","UNK 2 NOT HAIRY",6,"yes","NonNative"
2019-02-12,"PN,KS,PT","No Turf","2.0","No Turf_2",5,"ANAARV",NA,6,"yes","NonNative"
2019-02-12,"PN,KS,PT","No Turf","2.0","No Turf_2",6,"F",NA,1,"no","NonNative"
2019-02-12,"PN,KS,PT","No Turf","2.0","No Turf_2",6,"DAUCAR",NA,6,"yes","NonNative"
2019-02-12,"PN,KS,PT","No Turf","2.0","No Turf_2",7,"B",NA,1,"no","NonNative"
2019-02-12,"PN,KS,PT","No Turf","2.0","No Turf_2",7,"UNK(3)",NA,6,"yes","NonNative"
2019-02-12,"PN,KS,PT","No Turf","2.0","No Turf_2",8,"F",NA,1,"no","NonNative"
2019-02-12,"PN,KS,PT","No Turf","2.0","No Turf_2",8,"SONASP",NA,6,"yes","NonNative"
2019-02-12,"PN,KS,PT","No Turf","2.0","No Turf_2",9,"B",NA,1,"no","NonNative"
2019-02-12,"PN,KS,PT","No Turf","2.0","No Turf_2",10,"W",NA,1,"no","NonNative"
2019-02-12,"PN,KS,PT","No Turf","2.0","No Turf_2",10,"SOLNIG",NA,6,"yes","NonNative"
2019-02-12,"PN,KS,PT","No Turf","2.0","No Turf_2",11,"F",NA,1,"no","Native"
2019-02-12,"PN,KS,PT","No Turf","2.0","No Turf_2",11,"SONOLE",NA,6,"yes","Native"
2019-02-12,"PN,KS,PT","No Turf","2.0","No Turf_2",12,"L",NA,1,"no","Native"
2019-02-12,"PN,KS,PT","No Turf","2.0","No Turf_2",12,"SONOLE",NA,6,"yes","Native"
2019-02-12,"PN,KS,PT","No Turf","2.0","No Turf_2",12,"SOLNIG",NA,6,"yes","Native"
2019-02-12,"PN,KS,PT","No Turf","2.0","No Turf_2",12,"ANAARV",NA,6,"yes","Native"
2019-02-12,"PN,KS,PT","No Turf","2.0","No Turf_2",13,"F",NA,1,"no","Native"
2019-02-12,"PN,KS,PT","No Turf","2.0","No Turf_2",13,"SONOLE",NA,6,"yes","Native"
2019-02-12,"PN,KS,PT","No Turf","2.0","No Turf_2",13,"ANAARV",NA,6,"yes","Native"
2019-02-12,"PN,KS,PT","No Turf","2.0","No Turf_2",14,"S",NA,1,"no","Native"
2019-02-12,"PN,KS,PT","No Turf","2.0","No Turf_2",14,"ANAARV",NA,6,"yes","Native"
2019-02-12,"PN,KS,PT","No Turf","2.0","No Turf_2",15,"F",NA,1,"no","Native"
2019-02-12,"PN,KS,PT","No Turf","2.0","No Turf_2",15,"SOLNIG",NA,6,"yes","Native"
2019-02-12,"PN,KS,PT","No Turf","2.0","No Turf_2",15,"SONASP",NA,6,"yes","Native"
2019-02-12,"PN,KS,PT","No Turf","2.0","No Turf_2",16,"F",NA,1,"no","Native"
2019-02-12,"PN,KS,PT","No Turf","2.0","No Turf_2",16,"SOLNIG",NA,6,"yes","Native"
2019-02-12,"PN,KS,PT","No Turf","2.0","No Turf_2",17,"B",NA,1,"no","Native"
2019-02-12,"PN,KS,PT","No Turf","2.0","No Turf_2",17,"SOLNIG",NA,6,"yes","Native"
2019-02-12,"PN,KS,PT","No Turf","2.0","No Turf_2",18,"F",NA,1,"no","Native"
2019-02-12,"PN,KS,PT","No Turf","2.0","No Turf_2",19,"F",NA,1,"no","Native"
2019-02-12,"PN,KS,PT","No Turf","2.0","No Turf_2",20,"F",NA,1,"no","Native"
2019-02-12,"PN,KS,PT","No Turf","2.0","No Turf_2",23,"L",NA,1,"no","Native"
2019-02-12,"PN,KS,PT","No Turf","2.0","No Turf_2",23,"SOLNIG",NA,6,"yes","Native"
2019-02-12,"PN,KS,PT","No Turf","2.0","No Turf_2",24,"F",NA,1,"no","Native"
2019-02-12,"PN,KS,PT","No Turf","2.0","No Turf_2",25,"B",NA,1,"no","Native"
2019-02-12,"PN,KS,PT","No Turf","2.0","No Turf_2",26,"F",NA,1,"no","Native"
2019-02-12,"PN,KS,PT","No Turf","2.0","No Turf_2",27,"F",NA,1,"no","Native"
2019-02-12,"PN,KS,PT","No Turf","2.0","No Turf_2",28,"F",NA,1,"no","Native"
2019-02-12,"PN,KS,PT","No Turf","2.0","No Turf_2",29,"F",NA,1,"no","Native"
2019-02-12,"PN,KS,PT","No Turf","2.0","No Turf_2",30,"F",NA,1,"no","Native"
2019-02-12,"PN,KS,PT","No Turf","2.0","No Turf_2",31,"F",NA,1,"no","Native"
2019-02-12,"PN,KS,PT","No Turf","2.0","No Turf_2",31,"CYNDAC",NA,6,"yes","Native"
2019-02-12,"PN,KS,PT","No Turf","2.0","No Turf_2",32,"F",NA,1,"no","Native"
2019-02-12,"PN,KS,PT","No Turf","2.0","No Turf_2",33,"F",NA,1,"no","Native"
2019-02-12,"PN,KS,PT","No Turf","2.0","No Turf_2",34,"W",NA,1,"no","Native"
2019-02-12,"PN,KS,PT","No Turf","2.0","No Turf_2",34,"SONASP",NA,6,"yes","Native"
2019-02-12,"PN,KS,PT","No Turf","2.0","No Turf_2",35,"F",NA,1,"no","Native"
2019-02-12,"PN,KS,PT","No Turf","2.0","No Turf_2",35,"SONASP",NA,6,"yes","Native"
2019-02-12,"PN,KS,PT","No Turf","2.0","No Turf_2",36,"F",NA,1,"no","Native"
2019-02-12,"PN,KS,PT","No Turf","2.0","No Turf_2",37,"F",NA,1,"no","Native"
2019-02-12,"PN,KS,PT","No Turf","2.0","No Turf_2",39,"F",NA,1,"no","NonNative"
2019-02-12,"PN,KS,PT","No Turf","2.0","No Turf_2",40,"F",NA,1,"no","NonNative"
2019-02-12,"PN,KS,PT","No Turf","2.0","No Turf_2",41,"F",NA,1,"no","NonNative"
2019-02-12,"PN,KS,PT","No Turf","2.0","No Turf_2",41,"SONOLE",NA,6,"yes","NonNative"
2019-02-12,"PN,KS,PT","No Turf","2.0","No Turf_2",42,"W",NA,1,"no","NonNative"
2019-02-12,"PN,KS,PT","No Turf","2.0","No Turf_2",42,"SONOLE",NA,6,"yes","NonNative"
2019-02-12,"PN,KS,PT","No Turf","2.0","No Turf_2",43,"F",NA,1,"no","NonNative"
2019-02-12,"PN,KS,PT","No Turf","2.0","No Turf_2",43,"ELAPUN",NA,6,"yes","NonNative"
2019-02-12,"PN,KS,PT","No Turf","1.0","No Turf_1",1,"L",NA,1,"no","NonNative"
2019-02-12,"PN,KS,PT","No Turf","1.0","No Turf_1",2,"F",NA,1,"no","NonNative"
2019-02-12,"PN,KS,PT","No Turf","1.0","No Turf_1",2,"SALCLE",NA,6,"yes","NonNative"
2019-02-12,"PN,KS,PT","No Turf","1.0","No Turf_1",3,"F",NA,1,"no","NonNative"
2019-02-12,"PN,KS,PT","No Turf","1.0","No Turf_1",4,"W",NA,1,"no","NonNative"
2019-02-12,"PN,KS,PT","No Turf","1.0","No Turf_1",4,"ANAARV",NA,6,"yes","NonNative"
2019-02-12,"PN,KS,PT","No Turf","1.0","No Turf_1",5,"F",NA,1,"no","NonNative"
2019-02-12,"PN,KS,PT","No Turf","1.0","No Turf_1",5,"ERIFAS",NA,6,"yes","NonNative"
2019-02-12,"PN,KS,PT","No Turf","1.0","No Turf_1",5,"CYNDAC",NA,6,"yes","NonNative"
2019-02-12,"PN,KS,PT","No Turf","1.0","No Turf_1",6,"W",NA,1,"no","NonNative"
2019-02-12,"PN,KS,PT","No Turf","1.0","No Turf_1",6,"ANAARV",NA,6,"yes","NonNative"
2019-02-12,"PN,KS,PT","No Turf","1.0","No Turf_1",7,"L",NA,1,"no","NonNative"
2019-02-12,"PN,KS,PT","No Turf","1.0","No Turf_1",7,"ENCCAL",NA,6,"yes","NonNative"
2019-02-12,"PN,KS,PT","No Turf","1.0","No Turf_1",8,"L",NA,1,"no","NonNative"
2019-02-12,"PN,KS,PT","No Turf","1.0","No Turf_1",8,"ENCCAL",NA,6,"yes","NonNative"
2019-02-12,"PN,KS,PT","No Turf","1.0","No Turf_1",9,"F",NA,1,"no","NonNative"
2019-02-12,"PN,KS,PT","No Turf","1.0","No Turf_1",9,"SONCLE",NA,6,"yes","NonNative"
2019-02-12,"PN,KS,PT","No Turf","1.0","No Turf_1",9,"ERIFAS",NA,6,"yes","NonNative"
2019-02-12,"PN,KS,PT","No Turf","1.0","No Turf_1",10,"F",NA,1,"no","NonNative"
2019-02-12,"PN,KS,PT","No Turf","1.0","No Turf_1",10,"ERIFAS",NA,6,"yes","NonNative"
2019-02-12,"PN,KS,PT","No Turf","1.0","No Turf_1",11,"F",NA,1,"no","Native"
2019-02-12,"PN,KS,PT","No Turf","1.0","No Turf_1",11,"ENCCAL",NA,6,"yes","Native"
2019-02-12,"PN,KS,PT","No Turf","1.0","No Turf_1",12,"F",NA,1,"no","Native"
2019-02-12,"PN,KS,PT","No Turf","1.0","No Turf_1",12,"ENCCAL",NA,6,"yes","Native"
2019-02-12,"PN,KS,PT","No Turf","1.0","No Turf_1",12,"ERIFAS",NA,6,"yes","Native"
2019-02-12,"PN,KS,PT","No Turf","1.0","No Turf_1",13,"F",NA,1,"no","Native"
2019-02-12,"PN,KS,PT","No Turf","1.0","No Turf_1",14,"L",NA,1,"no","Native"
2019-02-12,"PN,KS,PT","No Turf","1.0","No Turf_1",14,"ERIFAS",NA,6,"yes","Native"
2019-02-12,"PN,KS,PT","No Turf","1.0","No Turf_1",15,"L",NA,1,"no","Native"
2019-02-12,"PN,KS,PT","No Turf","1.0","No Turf_1",16,"L",NA,1,"no","Native"
2019-02-12,"PN,KS,PT","No Turf","1.0","No Turf_1",16,"SALCLE",NA,6,"yes","Native"
2019-02-12,"PN,KS,PT","No Turf","1.0","No Turf_1",17,"L",NA,1,"no","Native"
2019-02-12,"PN,KS,PT","No Turf","1.0","No Turf_1",17,"ERIFAS",NA,6,"yes","Native"
2019-02-12,"PN,KS,PT","No Turf","1.0","No Turf_1",18,"F",NA,1,"no","Native"
2019-02-12,"PN,KS,PT","No Turf","1.0","No Turf_1",19,"W",NA,1,"no","Native"
2019-02-12,"PN,KS,PT","No Turf","1.0","No Turf_1",19,"ANAARV",NA,6,"yes","Native"
2019-02-12,"PN,KS,PT","No Turf","1.0","No Turf_1",19,"ERIFAS",NA,6,"yes","Native"
2019-02-12,"PN,KS,PT","No Turf","1.0","No Turf_1",20,"W",NA,1,"no","Native"
2019-02-12,"PN,KS,PT","No Turf","1.0","No Turf_1",23,"F",NA,1,"no","Native"
2019-02-12,"PN,KS,PT","No Turf","1.0","No Turf_1",24,"F",NA,1,"no","Native"
2019-02-12,"PN,KS,PT","No Turf","1.0","No Turf_1",25,"F",NA,1,"no","Native"
2019-02-12,"PN,KS,PT","No Turf","1.0","No Turf_1",26,"F",NA,1,"no","Native"
2019-02-12,"PN,KS,PT","No Turf","1.0","No Turf_1",27,"W",NA,1,"no","Native"
2019-02-12,"PN,KS,PT","No Turf","1.0","No Turf_1",27,"ANAARV",NA,6,"yes","Native"
2019-02-12,"PN,KS,PT","No Turf","1.0","No Turf_1",28,"F",NA,1,"no","Native"
2019-02-12,"PN,KS,PT","No Turf","1.0","No Turf_1",29,"F",NA,1,"no","Native"
2019-02-12,"PN,KS,PT","No Turf","1.0","No Turf_1",30,"F",NA,1,"no","Native"
2019-02-12,"PN,KS,PT","No Turf","1.0","No Turf_1",31,"F",NA,1,"no","Native"
2019-02-12,"PN,KS,PT","No Turf","1.0","No Turf_1",32,"F",NA,1,"no","Native"
2019-02-12,"PN,KS,PT","No Turf","1.0","No Turf_1",33,"F",NA,1,"no","Native"
2019-02-12,"PN,KS,PT","No Turf","1.0","No Turf_1",34,"F",NA,1,"no","Native"
2019-02-12,"PN,KS,PT","No Turf","1.0","No Turf_1",35,"F",NA,1,"no","Native"
2019-02-12,"PN,KS,PT","No Turf","1.0","No Turf_1",36,"F",NA,1,"no","Native"
2019-02-12,"PN,KS,PT","No Turf","1.0","No Turf_1",37,"F",NA,1,"no","Native"
2019-02-12,"PN,KS,PT","No Turf","1.0","No Turf_1",39,"F",NA,1,"no","NonNative"
2019-02-12,"PN,KS,PT","No Turf","1.0","No Turf_1",40,"F",NA,1,"no","NonNative"
2019-02-12,"PN,KS,PT","No Turf","1.0","No Turf_1",41,"F",NA,1,"no","NonNative"
2019-02-12,"PN,KS,PT","No Turf","1.0","No Turf_1",42,"F",NA,1,"no","NonNative"
2019-02-12,"PN,KS,PT","Turf","2.0","Turf_2",1,"F",NA,1,"no","Native"
2019-02-12,"PN,KS,PT","Turf","2.0","Turf_2",2,"F",NA,1,"no","Native"
2019-02-12,"PN,KS,PT","Turf","2.0","Turf_2",3,"W",NA,1,"no","Native"
2019-02-12,"PN,KS,PT","Turf","2.0","Turf_2",3,"DAUCAR",NA,6,"yes","Native"
2019-02-12,"PN,KS,PT","Turf","2.0","Turf_2",4,"W",NA,1,"no","Native"
2019-02-12,"PN,KS,PT","Turf","2.0","Turf_2",5,"F",NA,1,"no","Native"
2019-02-12,"PN,KS,PT","Turf","2.0","Turf_2",5,"DAUCAR",NA,6,"yes","Native"
2019-02-12,"PN,KS,PT","Turf","2.0","Turf_2",6,"W",NA,1,"no","Native"
2019-02-12,"PN,KS,PT","Turf","2.0","Turf_2",7,"W",NA,1,"no","Native"
2019-02-12,"PN,KS,PT","Turf","2.0","Turf_2",8,"W",NA,1,"no","Native"
2019-02-12,"PN,KS,PT","Turf","2.0","Turf_2",9,"F",NA,1,"no","Native"
2019-02-12,"PN,KS,PT","Turf","2.0","Turf_2",10,"F",NA,1,"no","Native"
2019-02-12,"PN,KS,PT","Turf","2.0","Turf_2",11,"F",NA,1,"no","Native"
2019-02-12,"PN,KS,PT","Turf","2.0","Turf_2",11,"DAUCAR",NA,6,"yes","Native"
2019-02-12,"PN,KS,PT","Turf","2.0","Turf_2",12,"F",NA,1,"no","Native"
2019-02-12,"PN,KS,PT","Turf","2.0","Turf_2",13,"F",NA,1,"no","Native"
2019-02-12,"PN,KS,PT","Turf","2.0","Turf_2",14,"W",NA,1,"no","Native"
2019-02-12,"PN,KS,PT","Turf","2.0","Turf_2",15,"F",NA,1,"no","Native"
2019-02-12,"PN,KS,PT","Turf","2.0","Turf_2",15,"SONSPP",NA,6,"yes","Native"
2019-02-12,"PN,KS,PT","Turf","2.0","Turf_2",16,"F",NA,1,"no","Native"
2019-02-12,"PN,KS,PT","Turf","2.0","Turf_2",17,"F",NA,1,"no","Native"
2019-02-12,"PN,KS,PT","Turf","2.0","Turf_2",18,"W",NA,1,"no","Native"
2019-02-12,"PN,KS,PT","Turf","2.0","Turf_2",19,"W",NA,1,"no","Native"
2019-02-12,"PN,KS,PT","Turf","2.0","Turf_2",20,"F",NA,1,"no","Native"
2019-02-12,"PN,KS,PT","Turf","2.0","Turf_2",20,"ELAPUN",NA,6,"yes","Native"
2019-02-12,"PN,KS,PT","Turf","2.0","Turf_2",23,"F",NA,1,"no","NonNative"
2019-02-12,"PN,KS,PT","Turf","2.0","Turf_2",24,"F",NA,1,"no","NonNative"
2019-02-12,"PN,KS,PT","Turf","2.0","Turf_2",25,"F",NA,1,"no","NonNative"
2019-02-12,"PN,KS,PT","Turf","2.0","Turf_2",26,"F",NA,1,"no","NonNative"
2019-02-12,"PN,KS,PT","Turf","2.0","Turf_2",27,"F",NA,1,"no","NonNative"
2019-02-12,"PN,KS,PT","Turf","2.0","Turf_2",28,"F",NA,1,"no","NonNative"
2019-02-12,"PN,KS,PT","Turf","2.0","Turf_2",29,"F",NA,1,"no","NonNative"
2019-02-12,"PN,KS,PT","Turf","2.0","Turf_2",30,"F",NA,1,"no","NonNative"
2019-02-12,"PN,KS,PT","Turf","2.0","Turf_2",31,"F",NA,1,"no","NonNative"
2019-02-12,"PN,KS,PT","Turf","2.0","Turf_2",32,"F",NA,1,"no","NonNative"
2019-02-12,"PN,KS,PT","Turf","2.0","Turf_2",33,"W",NA,1,"no","NonNative"
2019-02-12,"PN,KS,PT","Turf","2.0","Turf_2",34,"W",NA,1,"no","NonNative"
2019-02-12,"PN,KS,PT","Turf","2.0","Turf_2",35,"W",NA,1,"no","NonNative"
2019-02-12,"PN,KS,PT","Turf","2.0","Turf_2",36,"F",NA,1,"no","NonNative"
2019-02-12,"PN,KS,PT","Turf","2.0","Turf_2",36,"MYRCAL",NA,6,"yes","NonNative"
2019-02-12,"PN,KS,PT","Turf","2.0","Turf_2",37,"F",NA,1,"no","NonNative"
2019-02-12,"PN,KS,PT","Turf","2.0","Turf_2",38,"F",NA,1,"no","NonNative"
2019-02-12,"PN,KS,PT","Turf","2.0","Turf_2",39,"F",NA,1,"no","NonNative"
2019-02-12,"PN,KS,PT","Turf","2.0","Turf_2",40,"W",NA,1,"no","NonNative"
2019-02-12,"PN,KS,PT","Turf","2.0","Turf_2",40,"ANAARV",NA,6,"yes","NonNative"
2019-02-12,"PN,KS,PT","Turf","2.0","Turf_2",41,"F",NA,1,"no","NonNative"
2019-02-12,"PN,KS,PT","Turf","2.0","Turf_2",42,"W",NA,1,"no","NonNative"
2019-02-12,"PN,KS,PT","Turf","2.0","Turf_2",42,"PENSPA",NA,6,"yes","NonNative"
2019-02-12,"PN,KS,PT","Turf","2.0","Turf_2",43,"F",NA,1,"no","NonNative"
2019-02-12,"PN,KS,PT","Turf","2.0","Turf_2",44,"W",NA,1,"no","NonNative"
2019-02-12,"PN,KS,PT","Turf","2.0","Turf_2",44,"PENSPA",NA,6,"yes","NonNative"
